country_id,source_id,year,population,country_name,country_code,source_name,population_prev,yoy_change,global_z_score,is_global_anomaly,rolling_mean,rolling_std,rolling_z,is_rolling_anomaly,yoy_change_prev,second_derivative,is_acceleration_anomaly,is_yoy_anomaly,is_decrease_anomaly,is_increase_anomaly,anomaly_type,anomaly_description,is_anomaly,population_z,is_any_anomaly
64,1,1950,31664.0,Faroe Islands,FRO,United Nations Population Division,,0.0,-0.9390554325979605,False,,,,False,,,False,False,False,False,,,False,-1.7715072855678504,False
64,1,1951,31903.0,Faroe Islands,FRO,United Nations Population Division,31664.0,0.0075480040424456794,-0.0018657551218914205,False,0.0037740020212228397,0.005337244842836813,0.7071067811865476,False,0.0,0.0075480040424456794,False,False,False,False,,,False,-1.7350164879340795,False
64,1,1952,32016.0,Faroe Islands,FRO,United Nations Population Division,31903.0,0.003541986647023791,-0.49926852937404653,False,0.00369666356315649,0.0037763785519307146,-0.04095906011689925,False,0.0075480040424456794,-0.0040060173954218885,False,False,False,False,,,False,-1.7177635166679033,False
64,1,1953,32044.0,Faroe Islands,FRO,United Nations Population Division,32016.0,0.0008745627186406797,-0.8304663078960773,False,0.0029911383520275373,0.0033909320162961725,-0.6241869855293467,False,0.003541986647023791,-0.002667423928383111,False,False,False,False,,,False,-1.7134884441417713,False
64,1,1954,32068.0,Faroe Islands,FRO,United Nations Population Division,32044.0,0.0007489701660217201,-0.8460603700111025,False,0.002542704714826374,0.003103107891972843,-0.5780445318851813,False,0.0008745627186406797,-0.0001255925526189596,False,False,False,False,,,False,-1.7098240962622293,False
64,1,1955,32112.0,Faroe Islands,FRO,United Nations Population Division,32068.0,0.0013720843208182613,-0.768692081589343,False,0.002817121578990026,0.0028742649547439493,-0.502750192109723,False,0.0007489701660217201,0.0006231141547965412,False,False,False,False,,,False,-1.703106125149736,False
64,1,1956,32324.0,Faroe Islands,FRO,United Nations Population Division,32112.0,0.0066018933731938215,-0.1193385529617712,False,0.0026278994451396547,0.00249047283119847,1.5956784905546606,False,0.0013720843208182613,0.005229809052375561,False,False,False,False,,,False,-1.6707377188804495,False
64,1,1957,32726.0,Faroe Islands,FRO,United Nations Population Division,32324.0,0.012436579631233758,0.6051188932182271,False,0.004406818041981649,0.005107879070642387,1.5720343959204686,False,0.0066018933731938215,0.005834686258039936,False,False,False,False,,,False,-1.6093598918981238,False
64,1,1958,33174.0,Faroe Islands,FRO,United Nations Population Division,32726.0,0.013689421255271039,0.7606766050261887,False,0.00696978974930772,0.006025103511238551,1.1152723755582412,False,0.012436579631233758,0.0012528416240372812,False,False,False,False,,,False,-1.5409587314800093,False
64,1,1959,33652.0,Faroe Islands,FRO,United Nations Population Division,33174.0,0.014408874419726292,0.8500067213540654,False,0.009701770600048634,0.005579656729726822,0.8436188904954581,False,0.013689421255271039,0.0007194531644552533,False,False,False,False,,,False,-1.4679771362124674,False
64,1,1960,34128.0,Faroe Islands,FRO,United Nations Population Division,33652.0,0.014144775941994533,0.8172152223331997,False,0.01225630892428389,0.0032503295830796533,0.5810078545700404,False,0.014408874419726292,-0.00026409847773175947,False,False,False,False,,,False,-1.3953009032682209,False
64,1,1961,34558.0,Faroe Islands,FRO,United Nations Population Division,34128.0,0.012599624941397092,0.6253632360652469,False,0.013455855237924544,0.0008957487740605447,-0.9558821863032522,False,0.014144775941994533,-0.0015451510005974403,False,False,False,False,,,False,-1.3296480037597627,False
64,1,1962,34963.0,Faroe Islands,FRO,United Nations Population Division,34558.0,0.011719428207650906,0.5160745700316509,False,0.013312424953207974,0.0011272597638881368,-1.413158525291912,False,0.012599624941397092,-0.0008801967337461868,False,False,False,False,,,False,-1.267812133292494,False
64,1,1963,35391.0,Faroe Islands,FRO,United Nations Population Division,34963.0,0.012241512456024941,0.58089859047434,False,0.013022843193358752,0.0011904093505797984,-0.6563546707300788,False,0.011719428207650906,0.0005220842483740357,False,False,False,False,,,False,-1.202464596107331,False
64,1,1964,35848.0,Faroe Islands,FRO,United Nations Population Division,35391.0,0.012912887457263145,0.6642591341806805,False,0.012723645800866124,0.000909905213862102,0.2079795274430656,False,0.012241512456024941,0.0006713750012382041,False,False,False,False,,,False,-1.1326893052343885,False
64,1,1965,36347.0,Faroe Islands,FRO,United Nations Population Division,35848.0,0.013919883954474448,0.7892917543454151,False,0.012678667403362107,0.0008235547270473598,1.5071451967283327,False,0.012912887457263145,0.001006996497211303,False,False,False,False,,,False,-1.0565014055722475,False
64,1,1966,36817.0,Faroe Islands,FRO,United Nations Population Division,36347.0,0.012930915894021514,0.6664976153388728,False,0.01274492559388699,0.0008289150144852764,0.2243780084620813,False,0.013919883954474448,-0.0009889680604529341,False,False,False,False,,,False,-0.9847412595978864,False
64,1,1967,37202.0,Faroe Islands,FRO,United Nations Population Division,36817.0,0.010457125784284434,0.35934216840872235,False,0.012492465109213697,0.0012857003930727398,-1.5830588027315875,False,0.012930915894021514,-0.0024737901097370806,False,False,False,False,,,False,-0.9259590123635693,False
64,1,1968,37560.0,Faroe Islands,FRO,United Nations Population Division,37202.0,0.00962313854093866,0.25579105327747914,False,0.011968790326196441,0.0018310504725713647,-1.2810415771684087,False,0.010457125784284434,-0.0008339872433457737,False,False,False,False,,,False,-0.8712991564937367,False
64,1,1969,37907.0,Faroe Islands,FRO,United Nations Population Division,37560.0,0.009238551650692225,0.20803924212254035,False,0.011233923164882257,0.0020780831576753664,-0.9601981070007519,False,0.00962313854093866,-0.00038458689024643486,False,False,False,False,,,False,-0.8183187934020275,False
64,1,1970,38269.0,Faroe Islands,FRO,United Nations Population Division,37907.0,0.00954968739282982,0.24667107170098995,False,0.01035988385255333,0.0015063415628608565,-0.5378570702017796,False,0.009238551650692225,0.000311135742137595,False,False,False,False,,,False,-0.7630482128856046,False
64,1,1971,38703.0,Faroe Islands,FRO,United Nations Population Division,38269.0,0.011340771904152187,0.4690591237024435,False,0.010041855054579465,0.000854763658243931,1.5196210520242301,False,0.00954968739282982,0.0017910845113223665,False,False,False,False,,,False,-0.6967845887305562,False
64,1,1972,39173.0,Faroe Islands,FRO,United Nations Population Division,38703.0,0.01214376146551947,0.5687614455086484,False,0.010379182190826472,0.0012844353275833066,1.3738171450119585,False,0.011340771904152187,0.000802989561367283,False,False,False,False,,,False,-0.6250244427561951,False
64,1,1973,39637.0,Faroe Islands,FRO,United Nations Population Division,39173.0,0.011844893166211422,0.5316527895697765,False,0.010823533115881027,0.0013405749123808946,0.7618821155741562,False,0.01214376146551947,-0.00029886829930804784,False,False,False,False,,,False,-0.5541803837517193,False
64,1,1974,40106.0,Faroe Islands,FRO,United Nations Population Division,39637.0,0.011832378837954436,0.5300989616707663,False,0.011342298553333467,0.0010426624493691415,0.4700277495535497,False,0.011844893166211422,-1.2514328256985757e-05,False,False,False,False,,,False,-0.4825729189390057,False
64,1,1975,40568.0,Faroe Islands,FRO,United Nations Population Division,40106.0,0.01151947339550192,0.4912473991857041,False,0.011736255753867888,0.00031245187868230893,-0.6938103853950096,False,0.011832378837954436,-0.00031290544245251607,False,False,False,False,,,False,-0.41203422225782516,False
64,1,1976,41020.0,Faroe Islands,FRO,United Nations Population Division,40568.0,0.011141786629856045,0.4443523344649985,False,0.011696458699008658,0.00038064804679274663,-1.457178287991107,False,0.01151947339550192,-0.00037768676564587517,False,False,False,False,,,False,-0.34302233719312036,False
64,1,1977,41469.0,Faroe Islands,FRO,United Nations Population Division,41020.0,0.010945880058508045,0.42002780901633646,False,0.011456882417606375,0.0004049309508123972,-1.2619493720426287,False,0.011141786629856045,-0.00019590657134799933,False,False,False,False,,,False,-0.27446849561335834,False
64,1,1978,41968.0,Faroe Islands,FRO,United Nations Population Division,41469.0,0.012033084955026646,0.5550194174718778,False,0.011494520775369419,0.0004555903019502124,1.1821238892747146,False,0.010945880058508045,0.0010872048965186003,False,False,False,False,,,False,-0.19828059595121741,False
64,1,1979,42521.0,Faroe Islands,FRO,United Nations Population Division,41968.0,0.013176706061761342,0.697015883047198,False,0.0117633862201308,0.0008922452330063802,1.5840038022600862,False,0.012033084955026646,0.0011436211067346966,False,False,False,False,,,False,-0.11384791356010736,False
64,1,1980,43072.0,Faroe Islands,FRO,United Nations Population Division,42521.0,0.012958302956186355,0.669898099998519,False,0.012051152132267687,0.0010171888544461378,0.8918214350791471,False,0.013176706061761342,-0.00021840310557498695,False,False,False,False,,,False,-0.02972059349229246,False
64,1,1981,43626.0,Faroe Islands,FRO,United Nations Population Division,43072.0,0.012862184249628528,0.6579636257862927,False,0.012395231656222184,0.0009189078499540152,0.5081604139410847,False,0.012958302956186355,-9.611870655782707e-05,False,False,False,False,,,False,0.054864770060465175,False
64,1,1982,44171.0,Faroe Islands,FRO,United Nations Population Division,43626.0,0.012492550314032916,0.6120684319129178,False,0.01270456570732716,0.00044943843803265293,-0.47173400259734866,False,0.012862184249628528,-0.00036963393559561256,False,False,False,False,,,False,0.13807600315839463,False
64,1,1983,44671.0,Faroe Islands,FRO,United Nations Population Division,44171.0,0.011319644110389169,0.466435814267102,False,0.012561877538399662,0.0007371060811580528,-1.6852844655125427,False,0.012492550314032916,-0.0011729062036437473,False,False,False,False,,,False,0.2144165839821831,False
64,1,1984,45141.0,Faroe Islands,FRO,United Nations Population Division,44671.0,0.010521367330035145,0.36731864976778184,False,0.012030809792054422,0.0010663963311991914,-1.4154610418828693,False,0.011319644110389169,-0.0007982767803540233,False,False,False,False,,,False,0.28617672995654425,False
64,1,1985,45578.0,Faroe Islands,FRO,United Nations Population Division,45141.0,0.00968077800669015,0.2629477945846855,False,0.011375304802155182,0.0013287942282928257,-1.2752364206473739,False,0.010521367330035145,-0.0008405893233449958,False,False,False,False,,,False,0.3528983975965354,False
64,1,1986,46002.0,Faroe Islands,FRO,United Nations Population Division,45578.0,0.009302733775066917,0.21600834549135056,False,0.010663414707242861,0.0012858439873690934,-1.058200641401272,False,0.00968077800669015,-0.000378044231623232,False,False,False,False,,,False,0.417635210135108,False
64,1,1987,46459.0,Faroe Islands,FRO,United Nations Population Division,46002.0,0.009934350680405199,0.2944323686468306,False,0.010151774780517316,0.0007890657852036046,-0.27554622718309196,False,0.009302733775066917,0.0006316169053382815,False,False,False,False,,,False,0.4874105010080507,False
64,1,1988,46954.0,Faroe Islands,FRO,United Nations Population Division,46459.0,0.010654555629695,0.3838558295175374,False,0.010018757084378483,0.0005680890173929639,1.119188236087157,False,0.009934350680405199,0.0007202049492898016,False,False,False,False,,,False,0.5629876760236013,False
64,1,1989,47509.0,Faroe Islands,FRO,United Nations Population Division,46954.0,0.011820079226476977,0.5285717938461574,False,0.010278499463666848,0.0009931911207458211,1.5521481521628022,False,0.010654555629695,0.0011655235967819762,False,False,False,False,,,False,0.6477257207380065,False
64,1,1990,47497.0,Faroe Islands,FRO,United Nations Population Division,47509.0,-0.0002525837209791829,-0.9704172144238598,False,0.008291827118132982,0.004867181460264562,-1.7555151598247014,False,0.011820079226476977,-0.01207266294745616,False,False,False,False,,,False,0.6458935467982356,False
64,1,1991,46816.0,Faroe Islands,FRO,United Nations Population Division,47497.0,-0.014337747647219824,-2.7192862085313214,True,0.003563730833675634,0.01111371979677298,-1.6107548874944098,False,-0.0002525837209791829,-0.014085163926240641,False,True,True,False,global,"Year 1991: decrease of 1.4% (below average by 2.2%), showing deceleration of 1.4%",False,0.5419176757162357,True
64,1,1992,46023.0,Faroe Islands,FRO,United Nations Population Division,46816.0,-0.016938653451811347,-3.042224836868484,True,-0.001810869992767675,0.013503614005377858,-1.120276649867138,False,-0.014337747647219824,-0.0026009058045915225,False,True,True,False,global,Year 1992: decrease of 1.7% (below average by 2.5%),False,0.42084151452970714,True
64,1,1993,45135.0,Faroe Islands,FRO,United Nations Population Division,46023.0,-0.019294700475849032,-3.3347608421699437,True,-0.007800721213876481,0.013231555737911462,-0.8686793518195027,False,-0.016938653451811347,-0.002356047024037685,False,True,True,False,global,Year 1993: decrease of 1.9% (below average by 2.7%),False,0.2852606429866588,True
64,1,1994,44171.0,Faroe Islands,FRO,United Nations Population Division,45135.0,-0.021358147778885565,-3.5909665227110312,True,-0.01443636661494899,0.008351127538892533,-0.8288439054128602,False,-0.019294700475849032,-0.002063447303036533,False,True,True,False,global,Year 1994: decrease of 2.1% (below average by 2.9%),False,0.13807600315839463,True
64,1,1995,43838.0,Faroe Islands,FRO,United Nations Population Division,44171.0,-0.0075388829775191865,-1.8751126030100924,False,-0.015893626466256992,0.0053559050742513934,1.559912540067855,False,-0.021358147778885565,0.013819264801366377,False,False,False,False,,,False,0.08723317632975149,False
64,1,1996,44177.0,Faroe Islands,FRO,United Nations Population Division,43838.0,0.00773301701719969,0.021106178804420696,False,-0.011479473533373087,0.011969927625908677,1.6050632176745758,False,-0.0075388829775191865,0.015271899994718875,False,False,False,False,,,False,0.1389920901282801,False
64,1,1997,44540.0,Faroe Islands,FRO,United Nations Population Division,44177.0,0.008216945469361886,0.08119262648687715,False,-0.006448353749138441,0.014183635942617113,1.0339590833994812,False,0.00773301701719969,0.00048392845216219636,False,False,False,False,,,False,0.19441535180635053,False
64,1,1998,44894.0,Faroe Islands,FRO,United Nations Population Division,44540.0,0.00794791198922317,0.04778837828250404,False,-0.0009998312561240008,0.013214518250895821,0.6771146004312792,False,0.008216945469361886,-0.00026903348013871536,False,False,False,False,,,False,0.24846448302959276,False
64,1,1999,45216.0,Faroe Islands,FRO,United Nations Population Division,44894.0,0.007172450661558337,-0.048495930454284755,False,0.004706288431964779,0.006856021095361983,0.35970750312625016,False,0.00794791198922317,-0.0007754613276648335,False,False,False,False,,,False,0.29762781708011254,False
64,1,2000,45663.0,Faroe Islands,FRO,United Nations Population Division,45216.0,0.00988588110403397,0.2884141966385343,False,0.00819124124827541,0.001022200785260204,1.65783462524653,False,0.007172450661558337,0.0027134304424756327,False,False,False,False,,,False,0.3658762963365794,False
64,1,2001,46240.0,Faroe Islands,FRO,United Nations Population Division,45663.0,0.012636051069793925,0.6298860465104924,False,0.00917184805879426,0.0021747410248630214,1.5929266847843928,False,0.00988588110403397,0.002750169965759955,False,False,False,False,,,False,0.45397332660723133,False
64,1,2002,46827.0,Faroe Islands,FRO,United Nations Population Division,46240.0,0.012694636678200692,0.6371602645870487,False,0.010067386300562019,0.0025693506519284893,1.0225347698908773,False,0.012636051069793925,5.858560840676756e-05,False,False,False,False,,,False,0.543597168494359,False
64,1,2003,47424.0,Faroe Islands,FRO,United Nations Population Division,46827.0,0.01274905503235313,0.6439170600908805,False,0.011027614909188011,0.002474632902916269,0.6956345408389505,False,0.012694636678200692,5.4418354152437065e-05,False,False,False,False,,,False,0.6347478219979624,False
64,1,2004,48018.0,Faroe Islands,FRO,United Nations Population Division,47424.0,0.012525303643724697,0.6161352133186365,False,0.012098185505621282,0.001239496387288176,0.34459006293506217,False,0.01274905503235313,-0.00022375138862843272,False,False,False,False,,,False,0.7254404320166232,False
64,1,2005,48361.0,Faroe Islands,FRO,United Nations Population Division,48018.0,0.007143154650339456,-0.05213343768813911,False,0.011549640214882381,0.002464697522412993,-1.787840302703302,False,0.012525303643724697,-0.00538214899338524,False,False,False,False,,,False,0.7778100704617421,False
64,1,2006,48428.0,Faroe Islands,FRO,United Nations Population Division,48361.0,0.0013854138665453568,-0.7670370331035937,False,0.009299512774232665,0.005027792177653375,-1.5740704126281253,False,0.007143154650339456,-0.0057577407837941,False,False,False,False,,,False,0.7880397082921298,False
64,1,2007,48474.0,Faroe Islands,FRO,United Nations Population Division,48428.0,0.0009498637152060792,-0.8211166419065123,False,0.0069505581816337435,0.005738392880890968,-1.0457099384760093,False,0.0013854138665453568,-0.00043555015133927763,False,False,False,False,,,False,0.7950630417279183,False
64,1,2008,48498.0,Faroe Islands,FRO,United Nations Population Division,48474.0,0.0004951107810372571,-0.8775805432648484,False,0.004499769331370569,0.005237724145395462,-0.7645798898847791,False,0.0009498637152060792,-0.00045475293416882205,False,False,False,False,,,False,0.7987273896074601,False
64,1,2009,48489.0,Faroe Islands,FRO,United Nations Population Division,48498.0,-0.0001855746628726958,-0.9620971079160145,False,0.0019575936700510907,0.002956559604237116,-0.724885887587844,False,0.0004951107810372571,-0.000680685443909953,False,False,False,False,,,False,0.7973532591526319,False
64,1,2010,48170.0,Faroe Islands,FRO,United Nations Population Division,48489.0,-0.006578811689249108,-1.7559064001585727,False,-0.0007867995978666222,0.0032896306976113072,-1.7606876345081008,False,-0.0001855746628726958,-0.006393237026376412,False,False,False,False,,,False,0.7486479685870548,False
64,1,2011,47934.0,Faroe Islands,FRO,United Nations Population Division,48170.0,-0.004899314926302678,-1.5473735190503293,False,-0.002043745356436229,0.003448963188350409,-0.8279501444120162,False,-0.006578811689249108,0.00167949676294643,False,False,False,False,,,False,0.7126152144382267,False
64,1,2012,48091.0,Faroe Islands,FRO,United Nations Population Division,47934.0,0.003275336921600534,-0.5323768012778771,False,-0.001578650715157338,0.004056807987148233,1.196504160940095,False,-0.004899314926302678,0.008174651847903211,False,False,False,False,,,False,0.7365861568168963,False
64,1,2013,48280.0,Faroe Islands,FRO,United Nations Population Division,48091.0,0.003930049281570356,-0.4510851562245313,False,-0.0008916630150507183,0.0047306525075489925,1.0192488856297883,False,0.003275336921600534,0.0006547123599698222,False,False,False,False,,,False,0.7654428963682883,False
64,1,2014,48491.0,Faroe Islands,FRO,United Nations Population Division,48280.0,0.004370339685169843,-0.3964169791773566,False,1.951985455778942e-05,0.00530460020019005,0.820197501492417,False,0.003930049281570356,0.0004402904035994866,False,False,False,False,,,False,0.7976586214759271,False
64,1,2015,48894.0,Faroe Islands,FRO,United Nations Population Division,48491.0,0.008310820564640862,0.09284852515529282,False,0.002997446305335783,0.004832768143291069,1.0994473771064714,False,0.004370339685169843,0.003940480879471019,False,False,False,False,,,False,0.8591891296199006,False
64,1,2016,49523.0,Faroe Islands,FRO,United Nations Population Division,48894.0,0.012864564159201538,0.658259124658923,False,0.0065502221224366265,0.004040813298920196,1.562641371837758,False,0.008310820564640862,0.004553743594560676,False,False,False,False,,,False,0.9552255802962265,False
64,1,2017,50243.0,Faroe Islands,FRO,United Nations Population Division,49523.0,0.014538699190275225,0.8661262721856434,False,0.008802894576171564,0.004822626756565559,1.1893527954024006,False,0.012864564159201538,0.0016741350310736872,False,False,False,False,,,False,1.0651560166824818,False
64,1,2018,51034.0,Faroe Islands,FRO,United Nations Population Division,50243.0,0.01574348665485739,1.015717391772951,False,0.011165582050828972,0.0047314546377317315,0.9675469711832799,False,0.014538699190275225,0.0012047874645821667,False,False,False,False,,,False,1.1859268155457152,False
64,1,2019,51842.0,Faroe Islands,FRO,United Nations Population Division,51034.0,0.01583258220010189,1.0267798428318922,False,0.013458030553815382,0.003117515952112113,0.7616806722922311,False,0.01574348665485739,8.90955452444997e-05,False,False,False,False,,,False,1.3092931941569574,False
64,1,2020,52587.0,Faroe Islands,FRO,United Nations Population Division,51842.0,0.014370587554492496,0.8452528745518842,False,0.014669983951785709,0.0012114513258135546,-0.24713861045317015,False,0.01583258220010189,-0.0014619946456093953,False,False,False,False,,,False,1.4230406595844023,False
64,1,2021,53300.0,Faroe Islands,FRO,United Nations Population Division,52587.0,0.013558484035978475,0.7444189282114515,False,0.014808767927141097,0.000968251482773105,-1.2912801203069342,False,0.014370587554492496,-0.0008121035185140214,False,False,False,False,,,False,1.5319023278391246,False
64,1,2022,54011.0,Faroe Islands,FRO,United Nations Population Division,53300.0,0.013339587242026267,0.7172398468846557,False,0.014568945537491305,0.0011777122532228256,-1.0438528529365998,False,0.013558484035978475,-0.00021889679395220747,False,False,False,False,,,False,1.640458633770552,False
64,1,2023,54714.0,Faroe Islands,FRO,United Nations Population Division,54011.0,0.013015867138175556,0.6770454937796109,False,0.014023421634154936,0.001128333797912392,-0.8929578267029896,False,0.013339587242026267,-0.0003237201038507106,False,False,False,False,,,False,1.7477934904087986,False
64,1,2024,55400.0,Faroe Islands,FRO,United Nations Population Division,54714.0,0.012537924480023395,0.6177022656723106,False,0.01336449009013924,0.0006810349809493025,-1.2136903877737457,False,0.013015867138175556,-0.00047794265815216154,False,False,False,False,,,False,1.8525327672990364,False
64,1,2025,56002.0,Faroe Islands,FRO,United Nations Population Division,55400.0,0.010866425992779783,0.4101624817304351,False,0.012663657777796693,0.0010755808962750963,-1.670940597068062,False,0.012537924480023395,-0.0016714984872436122,False,False,False,False,,,False,1.9444468266108776,False
64,2,1960,34127.0,Faroe Islands,FRO,World Bank,,0.0,-0.7448287132649815,False,,,,False,,,False,False,False,False,,,False,-2.0594386200630126,False
64,2,1961,34557.0,Faroe Islands,FRO,World Bank,34127.0,0.012599994139537609,0.5260274394604761,False,0.006299997069768804,0.0089095412989778,0.7071067811865476,False,0.0,0.012599994139537609,False,False,False,False,,,False,-1.9755625214758503,False
64,2,1962,34963.0,Faroe Islands,FRO,World Bank,34557.0,0.011748705038053071,0.44016501917767964,False,0.008116233059196893,0.007041740025517628,0.5158486348108485,False,0.012599994139537609,-0.0008512891014845377,False,False,False,False,,,False,-1.8963678795540182,False
64,2,1963,35391.0,Faroe Islands,FRO,World Bank,34963.0,0.012241512456024941,0.48987038668043636,False,0.009147552908403906,0.006108345459297865,0.5065135179791675,False,0.011748705038053071,0.0004928074179718703,False,False,False,False,,,False,-1.8128819023556337,False
64,2,1964,35847.0,Faroe Islands,FRO,World Bank,35391.0,0.01288463168602187,0.5547364510076416,False,0.009894968663927497,0.005547708062400017,0.5389005673094129,False,0.012241512456024941,0.0006431192299969288,False,False,False,False,,,False,-1.7239342257143642,False
64,2,1965,36347.0,Faroe Islands,FRO,World Bank,35847.0,0.013948168605462103,0.6620065356404666,False,0.012684602385019918,0.0008240149269190867,1.5334263727072737,False,0.01288463168602187,0.0010635369194402326,False,False,False,False,,,False,-1.6264038785199897,False
64,2,1966,36816.0,Faroe Islands,FRO,World Bank,36347.0,0.01290340330701296,0.55662978760518,False,0.01274528421851499,0.0008273914223059217,0.19110554477020672,False,0.013948168605462103,-0.0010447652984491435,False,False,False,False,,,False,-1.5349204128516665,False
64,2,1967,37202.0,Faroe Islands,FRO,World Bank,36816.0,0.010484571925249892,0.3126624722337284,False,0.012492457595954354,0.0012783142969780901,-1.5707292607546235,False,0.01290340330701296,-0.002418831381763067,False,False,False,False,,,False,-1.4596269848176093,False
64,2,1968,37560.0,Faroe Islands,FRO,World Bank,37202.0,0.00962313854093866,0.2257768828841433,False,0.011968782812937097,0.0018258690911327306,-1.2846727530412647,False,0.010484571925249892,-0.0008614333843112321,False,False,False,False,,,False,-1.389795256226437,False
64,2,1969,37907.0,Faroe Islands,FRO,World Bank,37560.0,0.009238551650692225,0.18698681597501948,False,0.011239566805871168,0.002079170199140266,-0.9624104635620305,False,0.00962313854093866,-0.00038458689024643486,False,False,False,False,,,False,-1.3221091952735413,False
64,2,1970,38269.0,Faroe Islands,FRO,World Bank,37907.0,0.00954968739282982,0.2183684791606878,False,0.010359870563344711,0.0014951284388197027,-0.5418819878474608,False,0.009238551650692225,0.000311135742137595,False,False,False,False,,,False,-1.251497223904814,False
64,2,1971,38703.0,Faroe Islands,FRO,World Bank,38269.0,0.011340771904152187,0.39902021169782936,False,0.010047344282772557,0.0008581785123611831,1.5071778222702255,False,0.00954968739282982,0.0017910845113223665,False,False,False,False,,,False,-1.166840882540097,False
64,2,1972,39172.0,Faroe Islands,FRO,World Bank,38703.0,0.0121179236751673,0.47740501877459574,False,0.010374014632756038,0.00127558269600462,1.3671469892728507,False,0.011340771904152187,0.0007771517710151131,False,False,False,False,,,False,-1.0753574168717739,False
64,2,1973,39636.0,Faroe Islands,FRO,World Bank,39172.0,0.011845195547840293,0.4498972108505249,False,0.010818426034136365,0.001334306539803236,0.7695154622080632,False,0.0121179236751673,-0.00027272812732700644,False,False,False,False,,,False,-0.9848492546753943,False
64,2,1974,40106.0,Faroe Islands,FRO,World Bank,39636.0,0.0118579069532748,0.4511793041298814,False,0.01134229709465288,0.00104089010493461,0.4953547508786353,False,0.011845195547840293,1.2711405434507467e-05,False,False,False,False,,,False,-0.8931707283126823,False
64,2,1975,40568.0,Faroe Islands,FRO,World Bank,40106.0,0.01151947339550192,0.41704433831788806,False,0.0117362542951873,0.0003064879122620242,-0.7073065233974002,False,0.0118579069532748,-0.0003384335577728808,False,False,False,False,,,False,-0.8030526875050803,False
64,2,1976,41020.0,Faroe Islands,FRO,World Bank,40568.0,0.011141786629856045,0.3789502293358935,False,0.011696457240328072,0.0003757678196303992,-1.4760992865690168,False,0.01151947339550192,-0.00037768676564587517,False,False,False,False,,,False,-0.7148852536413657,False
64,2,1977,41468.0,Faroe Islands,FRO,World Bank,41020.0,0.010921501706484642,0.3567319293018685,False,0.01145717284659154,0.000418760920869027,-1.2791813022935734,False,0.011141786629856045,-0.00022028492337140305,False,False,False,False,,,False,-0.6274980625552061,False
64,2,1978,41968.0,Faroe Islands,FRO,World Bank,41468.0,0.012057490112858107,0.4713095901862001,False,0.011499631759595102,0.00047493374338281855,1.1746024809472122,False,0.010921501706484642,0.0011359884063734654,False,False,False,False,,,False,-0.5299677153608316,False
64,2,1979,42521.0,Faroe Islands,FRO,World Bank,41968.0,0.013176706061761342,0.5841955533970001,False,0.011763391581292412,0.0008998081914060423,1.5706841679897163,False,0.012057490112858107,0.0011192159489032353,False,False,False,False,,,False,-0.4220991513638535,False
64,2,1980,43072.0,Faroe Islands,FRO,World Bank,42521.0,0.012958302956186355,0.5621670566040241,False,0.012051157493429299,0.001023827394734752,0.8860335906445198,False,0.013176706061761342,-0.00021840310557498695,False,False,False,False,,,False,-0.3146207087556528,False
64,2,1981,43626.0,Faroe Islands,FRO,World Bank,43072.0,0.012862184249628528,0.5524723656170083,False,0.012395237017383796,0.0009262485593198946,0.5041273506407312,False,0.012958302956186355,-9.611870655782707e-05,False,False,False,False,,,False,-0.20655708406428588,False
64,2,1982,44171.0,Faroe Islands,FRO,World Bank,43626.0,0.012492550314032916,0.5151904783315394,False,0.012709446738893451,0.0004403637531139887,-0.4925392322296589,False,0.012862184249628528,-0.00036963393559561256,False,False,False,False,,,False,-0.10024900562241768,False
64,2,1983,44670.0,Faroe Islands,FRO,World Bank,44171.0,0.011297004822168392,0.39460579175366367,False,0.012557349680755506,0.0007466522099756402,-1.687994546521511,False,0.012492550314032916,-0.001195545491864524,False,False,False,False,,,False,-0.002913719122431938,False
64,2,1984,45141.0,Faroe Islands,FRO,World Bank,44670.0,0.010543989254533244,0.3186554018860776,False,0.012030806319309886,0.0010622777899893928,-1.3996499585965065,False,0.011297004822168392,-0.0007530155676351482,False,False,False,False,,,False,0.08895986793466883,False
64,2,1985,45707.0,Faroe Islands,FRO,World Bank,45141.0,0.012538490507520879,0.5198240818796851,False,0.011946843829576791,0.0009843755809586078,0.6010375403338716,False,0.010543989254533244,0.0019945012529876353,False,False,False,False,,,False,0.19936422095870077,False
64,2,1986,46131.0,Faroe Islands,FRO,World Bank,45707.0,0.009276478438751175,0.19081217425884486,False,0.011229702667401321,0.0013781806069105371,-1.4172483772128255,False,0.012538490507520879,-0.0032620120687697034,False,False,False,False,,,False,0.28206995537953033,False
64,2,1987,46701.0,Faroe Islands,FRO,World Bank,46131.0,0.01235611627755739,0.5014295167964848,False,0.011202415860106216,0.0013479454490387638,0.855895480246543,False,0.009276478438751175,0.003079637838806215,False,False,False,False,,,False,0.39325455118111724,False
64,2,1988,47355.0,Faroe Islands,FRO,World Bank,46701.0,0.014003982784094558,0.6676360455861734,False,0.011743811452491449,0.0018467614866915002,1.2238566527896568,False,0.01235611627755739,0.0016478665065371677,False,False,False,False,,,False,0.5208242453113591,False
64,2,1989,47958.0,Faroe Islands,FRO,World Bank,47355.0,0.012733607855559076,0.5395039388313422,False,0.012181735172696615,0.0017480953666868916,0.3156994139904435,False,0.014003982784094558,-0.0012703749285354823,False,False,False,False,,,False,0.6384458440277747,False
64,2,1990,47740.0,Faroe Islands,FRO,World Bank,47958.0,-0.0045456441052587684,-1.2033098613744924,False,0.008764908250140688,0.007640807576595864,-1.7420347550918929,False,0.012733607855559076,-0.017279251960817844,False,False,False,False,,,False,0.5959226126510274,False
64,2,1991,47446.0,Faroe Islands,FRO,World Bank,47740.0,-0.0061583577712609975,-1.3659708167944746,False,0.005677941008138251,0.010103503013954188,-1.1715044537574597,False,-0.0045456441052587684,-0.001612713666002229,False,False,False,False,,,False,0.5385747685007353,False
64,2,1992,47287.0,Faroe Islands,FRO,World Bank,47446.0,-0.0033511781815116133,-1.0828340618142653,False,0.002536482116324451,0.009948696411829131,-0.5918021873534666,False,-0.0061583577712609975,0.0028071795897493842,False,False,False,False,,,False,0.5075601180929241,False
64,2,1993,46473.0,Faroe Islands,FRO,World Bank,47287.0,-0.017214033455283693,-2.4810644676311315,True,-0.003707121131551199,0.010718822549300577,-1.2601115711738176,False,-0.0033511781815116133,-0.01386285527377208,False,True,True,False,global,"Year 1993: decrease of 1.7% (below average by 2.5%), showing deceleration of 1.4%",False,0.34878071286048246,True
64,2,1994,44694.0,Faroe Islands,FRO,World Bank,46473.0,-0.03828029178232522,-4.605841964615516,True,-0.01390990105912806,0.014697751489094218,-1.6581033324233352,False,-0.017214033455283693,-0.021066258327041527,False,True,True,False,global,"Year 1994: decrease of 3.8% (below average by 4.6%), showing deceleration of 2.1%",False,0.0017677375428980376,True
64,2,1995,43610.0,Faroe Islands,FRO,World Bank,44694.0,-0.02425381482973106,-3.1911084068965536,True,-0.017851535204022516,0.01419260758700878,-0.4510996014269343,False,-0.03828029178232522,0.01402647695259416,False,True,True,False,global,"Year 1995: decrease of 2.4% (below average by 3.2%), showing acceleration of 1.4%",False,-0.20967805517450586,True
64,2,1996,43580.0,Faroe Islands,FRO,World Bank,43610.0,-0.000687915615684476,-0.8142130148024915,False,-0.016757446772907213,0.015472513789773408,1.0385856736378498,False,-0.02425381482973106,0.023565899214046584,False,False,False,False,,,False,-0.21552987600616832,False
64,2,1997,44131.0,Faroe Islands,FRO,World Bank,43580.0,0.012643414410279944,0.5304068794518607,False,-0.013558528254548901,0.01994437222772276,1.3137511858311608,False,-0.000687915615684476,0.01333133002596442,False,False,False,False,,,False,-0.10805143339796763,False
64,2,1998,44674.0,Faroe Islands,FRO,World Bank,44131.0,0.012304275905825836,0.49620081155702045,False,-0.007654866382326995,0.02276163294608661,0.8768765551851319,False,0.012643414410279944,-0.00033913850445410794,False,False,False,False,,,False,-0.002133476344876942,False
64,2,1999,45146.0,Faroe Islands,FRO,World Bank,44674.0,0.010565429556341497,0.3208179060243779,False,0.002114277885406348,0.015726167222438286,0.5373942392572898,False,0.012304275905825836,-0.0017388463494843395,False,False,False,False,,,False,0.08993517140661257,False
64,2,2000,45754.0,Faroe Islands,FRO,World Bank,45146.0,0.013467416825410888,0.6135171196260063,False,0.009658524216434738,0.005879807158256944,0.6477920969954546,False,0.010565429556341497,0.0029019872690693917,False,False,False,False,,,False,0.20853207359497195,False
64,2,2001,46635.0,Faroe Islands,FRO,World Bank,45754.0,0.019255147090964726,1.1972771227528305,False,0.013647136757764577,0.0033086905357399134,1.6949334706958457,False,0.013467416825410888,0.005787730265553837,False,False,False,False,,,False,0.3803805453514598,False
64,2,2002,47335.0,Faroe Islands,FRO,World Bank,46635.0,0.015010185483006326,0.769123306345162,False,0.014120490972309854,0.003298478985062045,0.2697287188203012,False,0.019255147090964726,-0.004244961607958399,False,False,False,False,,,False,0.5169230314235841,False
64,2,2003,48032.0,Faroe Islands,FRO,World Bank,47335.0,0.01472483363261857,0.7403422489303065,False,0.014604602517668402,0.0031390534959276364,0.03830170945036333,False,0.015010185483006326,-0.0002853518503877564,False,False,False,False,,,False,0.6528803354125421,False
64,2,2004,48384.0,Faroe Islands,FRO,World Bank,48032.0,0.0073284477015323115,-0.005669413008286502,False,0.013957206146706563,0.004299608348221244,-1.5417121533677784,False,0.01472483363261857,-0.0073963859310862586,False,False,False,False,,,False,0.7215416998373818,False
64,2,2005,48359.0,Faroe Islands,FRO,World Bank,48384.0,-0.0005166997354497354,-0.7969438992433148,False,0.01116038283453444,0.007811681677159714,-1.4948231446919251,False,0.0073284477015323115,-0.007845147436982046,False,False,False,False,,,False,0.7166651824776631,False
64,2,2006,48335.0,Faroe Islands,FRO,World Bank,48359.0,-0.0004962881780020265,-0.7948851559548769,False,0.007210095780741088,0.0076879518434948045,-1.0023975326099248,False,-0.0005166997354497354,2.041155744770889e-05,False,False,False,False,,,False,0.711983725812333,False
64,2,2007,48378.0,Faroe Islands,FRO,World Bank,48335.0,0.0008896244957070446,-0.6550997220080006,False,0.004385983583281233,0.006626600251522805,-0.5276248686905051,False,-0.0004962881780020265,0.0013859126737090712,False,False,False,False,,,False,0.7203713356710493,False
64,2,2008,48547.0,Faroe Islands,FRO,World Bank,48378.0,0.003493323411468023,-0.39248636280362303,False,0.0021396815390511232,0.0033287753395214773,0.40664861228258503,False,0.0008896244957070446,0.002603698915760978,False,False,False,False,,,False,0.7533365930227478,False
64,2,2009,48791.0,Faroe Islands,FRO,World Bank,48547.0,0.005026057222897398,-0.23789230718949514,False,0.0016792034433241406,0.0024834779523982492,1.3476478727508983,False,0.003493323411468023,0.0015327338114293752,False,False,False,False,,,False,0.8009314024536026,False
64,2,2010,48657.0,Faroe Islands,FRO,World Bank,48791.0,-0.002746408149043881,-1.021835960685482,False,0.0012332617606053114,0.0031000152513421314,-1.2837581711658421,False,0.005026057222897398,-0.007772465371941279,False,False,False,False,,,False,0.7747932694055102,False
64,2,2011,48543.0,Faroe Islands,FRO,World Bank,48657.0,-0.00234293113015599,-0.9811406043021005,False,0.000863933170174519,0.0034480491874921927,-0.9300517846332986,False,-0.002746408149043881,0.000403477018887891,False,False,False,False,,,False,0.7525563502451929,False
64,2,2012,48291.0,Faroe Islands,FRO,World Bank,48543.0,-0.005191273716086769,-1.2684291268452474,False,-0.00035224647218424387,0.0043825100848783344,-1.1041679654313594,False,-0.00234293113015599,-0.0028483425859307785,False,False,False,False,,,False,0.7034010552592281,False
64,2,2013,48246.0,Faroe Islands,FRO,World Bank,48291.0,-0.0009318506554016276,-0.8388167045071637,False,-0.001237281285558174,0.003822848373627046,0.0798960880226488,False,-0.005191273716086769,0.004259423060685141,False,False,False,False,,,False,0.6946233240117344,False
64,2,2014,48428.0,Faroe Islands,FRO,World Bank,48246.0,0.003772333457695975,-0.36434495019705976,False,-0.0014880260385984586,0.0033169694262765105,1.5858932719194492,False,-0.0009318506554016276,0.004704184113097603,False,False,False,False,,,False,0.7301243703904867,False
64,2,2015,48901.0,Faroe Islands,FRO,World Bank,48428.0,0.00976707689766251,0.24029474251406924,False,0.0010146709707428195,0.005869103416760626,1.4912679681065264,False,0.003772333457695975,0.005994743439966535,False,False,False,False,,,False,0.822388078836365,False
64,2,2016,49464.0,Faroe Islands,FRO,World Bank,48901.0,0.011513056992699536,0.41639716936769094,False,0.0037858685953139253,0.007041491949374768,1.0973794265392476,False,0.00976707689766251,0.0017459800950370263,False,False,False,False,,,False,0.9322072497772307,False
64,2,2017,50182.0,Faroe Islands,FRO,World Bank,49464.0,0.014515607310367136,0.719239337611404,False,0.007727244800604706,0.006228892605199747,1.0898185183182723,False,0.011513056992699536,0.0030025503176676002,False,False,False,False,,,False,1.0722608283483523,False
64,2,2018,50998.0,Faroe Islands,FRO,World Bank,50182.0,0.01626081064923678,0.8952634195591826,False,0.011165777061532387,0.004845634730815887,1.0514687694684146,False,0.014515607310367136,0.0017452033388696431,False,False,False,False,,,False,1.2314303549695715,False
64,2,2019,51795.0,Faroe Islands,FRO,World Bank,50998.0,0.015628063845641006,0.8314435352352869,False,0.013536923139121393,0.0027864865957038555,0.7504578381046904,False,0.01626081064923678,-0.0006327468035957733,False,False,False,False,,,False,1.3868937283974045,False
64,2,2020,52571.0,Faroe Islands,FRO,World Bank,51795.0,0.014982141133314026,0.7662947070648014,False,0.014579935986251697,0.0018368155570341938,0.21896871763855666,False,0.015628063845641006,-0.0006459227123269805,False,False,False,False,,,False,1.5382608272430738,False
64,2,2021,53315.0,Faroe Islands,FRO,World Bank,52571.0,0.014152289284966996,0.6825944834263546,False,0.01510778244470519,0.0008484678962356351,-1.1261394378943421,False,0.014982141133314026,-0.0008298518483470293,False,False,False,False,,,False,1.683385983868303,False
64,2,2022,53952.0,Faroe Islands,FRO,World Bank,53315.0,0.01194785707586983,0.4602518215828536,False,0.014594232397805728,0.0016729748785695227,-1.5818380513870482,False,0.014152289284966996,-0.002204432209097166,False,False,False,False,,,False,1.8076396461939361,False
64,2,2023,54482.0,Faroe Islands,FRO,World Bank,53952.0,0.009823546856465006,0.2459903955273601,False,0.013306779639251374,0.0023921571967560505,-1.4561053042458498,False,0.01194785707586983,-0.002124310219404825,False,False,False,False,,,False,1.911021814219973,False
64,4,1950,31500.0,Faroe Islands,FRO,Census Bureau,,0.0,-0.6607730209861248,False,,,,False,,,False,False,False,False,,,False,-1.8945900977154637,False
64,4,1951,32100.0,Faroe Islands,FRO,Census Bureau,31500.0,0.01904761904761905,1.1372415299396788,False,0.009523809523809525,0.013468700594029479,0.7071067811865475,False,0.0,0.01904761904761905,False,False,False,False,,,False,-1.7982455368408965,False
64,4,1952,32500.0,Faroe Islands,FRO,Census Bureau,32100.0,0.012461059190031152,0.5154981805541203,False,0.010502892745883402,0.009673611513444433,0.20242351488131202,False,0.01904761904761905,-0.006586559857587897,False,False,False,False,,,False,-1.734015829591185,False
64,4,1953,32600.0,Faroe Islands,FRO,Census Bureau,32500.0,0.003076923076923077,-0.37032451660580273,False,0.00864640032864332,0.008727662699129482,-0.638140753569195,False,0.012461059190031152,-0.009384136113108076,False,False,False,False,,,False,-1.717958402778757,False
64,4,1954,32700.0,Faroe Islands,FRO,Census Bureau,32600.0,0.003067484662576687,-0.37121546293825775,False,0.007530617195429993,0.007959518336190253,-0.5607289718223756,False,0.003076923076923077,-9.438414346389732e-06,False,False,False,False,,,False,-1.7019009759663293,False
64,4,1955,32600.0,Faroe Islands,FRO,Census Bureau,32700.0,-0.0030581039755351682,-0.9494450819145794,False,0.006918996400322959,0.008760082038484265,-1.1389277328713738,False,0.003067484662576687,-0.006125588638111855,False,False,False,False,,,False,-1.717958402778757,False
64,4,1956,32700.0,Faroe Islands,FRO,Census Bureau,32600.0,0.003067484662576687,-0.37121546293825775,False,0.0037229695233144872,0.005559088631164949,-0.11791228818750427,False,-0.0030581039755351682,0.006125588638111855,False,False,False,False,,,False,-1.7019009759663293,False
64,4,1957,33100.0,Faroe Islands,FRO,Census Bureau,32700.0,0.012232415902140673,0.4939152227276939,False,0.0036772408657363915,0.0054694578510238925,1.5641724041812912,False,0.003067484662576687,0.009164931239563986,False,False,False,False,,,False,-1.6376712687166177,False
64,4,1958,33800.0,Faroe Islands,FRO,Census Bureau,33100.0,0.021148036253776436,1.3355120166731886,False,0.007291463501107062,0.009476486169588051,1.4622057695961084,False,0.012232415902140673,0.008915620351635763,False,False,False,False,,,False,-1.5252692810296227,False
64,4,1959,34500.0,Faroe Islands,FRO,Census Bureau,33800.0,0.020710059171597635,1.2941688354198895,False,0.010819978402911254,0.010714240360007555,0.9230781125279336,False,0.021148036253776436,-0.0004379770821788011,False,False,False,False,,,False,-1.4128672933426276,False
64,4,1960,34700.0,Faroe Islands,FRO,Census Bureau,34500.0,0.005797101449275362,-0.11355120113914118,False,0.012591019487873358,0.0083085043138546,-0.8177065067257653,False,0.020710059171597635,-0.014912957722322272,False,False,False,False,,,False,-1.380752439717772,False
64,4,1961,35000.0,Faroe Islands,FRO,Census Bureau,34700.0,0.008645533141210375,0.15532868440527015,False,0.013706629183600097,0.006978022601540316,-0.7252908641013206,False,0.005797101449275362,0.002848431691935013,False,False,False,False,,,False,-1.3325801592804882,False
64,4,1962,35500.0,Faroe Islands,FRO,Census Bureau,35000.0,0.014285714285714285,0.6877378922082277,False,0.01411728886031482,0.006929827299729264,0.024304418871455218,False,0.008645533141210375,0.00564018114450391,False,False,False,False,,,False,-1.252293025218349,False
64,4,1963,35900.0,Faroe Islands,FRO,Census Bureau,35500.0,0.011267605633802818,0.402841220406604,False,0.012141202736320095,0.005728322820640131,-0.15250486571209945,False,0.014285714285714285,-0.0030181086519114678,False,False,False,False,,,False,-1.1880633179686375,False
64,4,1964,35400.0,Faroe Islands,FRO,Census Bureau,35900.0,-0.013927576601671309,-1.97547725390541,False,0.005213675581666307,0.011151877897040797,-1.7164151508883394,False,0.011267605633802818,-0.025195182235474126,False,False,False,False,,,False,-1.268350452030777,False
64,4,1965,37000.0,Faroe Islands,FRO,Census Bureau,35400.0,0.04519774011299435,3.6057021846005273,True,0.013093803314410105,0.02112676316785565,1.5195861544673515,False,-0.013927576601671309,0.05912531671466566,True,True,False,True,global+acceleration,"Year 1965: increase of 4.5% (above average by 3.8%), showing acceleration of 5.9%",False,-1.011431623031931,True
64,4,1966,37300.0,Faroe Islands,FRO,Census Bureau,37000.0,0.008108108108108109,0.10459803785391315,False,0.012986318307789652,0.021156398392837165,-0.23057848075564405,False,0.04519774011299435,-0.03708963200488624,True,True,False,True,acceleration,"Year 1966: increase of 0.8% (above average by 0.1%), showing deceleration of 3.7%",False,-0.9632593425946473,True
64,4,1967,37500.0,Faroe Islands,FRO,Census Bureau,37300.0,0.005361930294906166,-0.15462951469333833,False,0.011201561509628028,0.02139444349794127,-0.27295083488774985,False,0.008108108108108109,-0.0027461778132019422,False,False,False,False,,,False,-0.9311444889697916,False
64,4,1968,38000.0,Faroe Islands,FRO,Census Bureau,37500.0,0.013333333333333334,0.5978371646619376,False,0.01161470704953413,0.02141597238886604,0.08024974316331773,False,0.005361930294906166,0.007971403038427168,False,False,False,False,,,False,-0.8508573549076522,False
64,4,1969,38400.0,Faroe Islands,FRO,Census Bureau,38000.0,0.010526315789473684,0.33286659926234546,False,0.016505485527763132,0.016307615278172108,-0.36664893280212596,False,0.013333333333333334,-0.00280701754385965,False,False,False,False,,,False,-0.7866276476579408,False
64,4,1970,38600.0,Faroe Islands,FRO,Census Bureau,38400.0,0.005208333333333333,-0.16912841721735047,False,0.008507604171830926,0.0034750146706898077,-0.9494264488508395,False,0.010526315789473684,-0.005317982456140351,False,False,False,False,,,False,-0.754512794033085,False
64,4,1971,38682.0,Faroe Islands,FRO,Census Bureau,38600.0,0.0021243523316062177,-0.4602431598012651,False,0.007310853016530549,0.004520181084820488,-1.1474099350447382,False,0.005208333333333333,-0.0030839810017271154,False,False,False,False,,,False,-0.7413457040468943,False
64,4,1972,38946.0,Faroe Islands,FRO,Census Bureau,38682.0,0.0068248797890491705,-0.01653327961205843,False,0.007603442915359149,0.004408457046313311,-0.1766067170737373,False,0.0021243523316062177,0.004700527457442953,False,False,False,False,,,False,-0.6989540972620847,False
64,4,1973,39481.0,Faroe Islands,FRO,Census Bureau,38946.0,0.013736969136753454,0.6359386746726977,False,0.007684170076043173,0.004541307340704231,1.3328318492030666,False,0.0068248797890491705,0.0069120893477042835,False,False,False,False,,,False,-0.6130468638155956,False
64,4,1974,40120.0,Faroe Islands,FRO,Census Bureau,39481.0,0.016185000379929586,0.8670224539811604,False,0.008815906994134353,0.0059219099704231,1.2443778143538269,False,0.013736969136753454,0.002448031243176132,False,False,False,False,,,False,-0.5104399064841815,False
64,4,1975,40826.0,Faroe Islands,FRO,Census Bureau,40120.0,0.017597208374875373,1.00032890648309,False,0.011293682002442762,0.006589307476007935,0.9566295692505061,False,0.016185000379929586,0.0014122079949457876,False,False,False,False,,,False,-0.39707447318844075,False
64,4,1976,41393.0,Faroe Islands,FRO,Census Bureau,40826.0,0.013888208494586782,0.6502150293906902,False,0.013646453235038875,0.004142861052304038,0.05835466275497119,False,0.017597208374875373,-0.0037089998802885913,False,False,False,False,,,False,-0.3060288631619747,False
64,4,1977,41860.0,Faroe Islands,FRO,Census Bureau,41393.0,0.011282100838305994,0.4042095063089102,False,0.01453789744489024,0.0024359867033354235,-1.3365412061265833,False,0.013888208494586782,-0.0026061076562807883,False,False,False,False,,,False,-0.23104067994793656,False
64,4,1978,42481.0,Faroe Islands,FRO,Census Bureau,41860.0,0.014835164835164835,0.7396036965618566,False,0.014757536584572514,0.002394879948110756,0.032414255526069004,False,0.011282100838305994,0.0035530639968588407,False,False,False,False,,,False,-0.13132405944275952,False
64,4,1979,43045.0,Faroe Islands,FRO,Census Bureau,42481.0,0.013276523622325275,0.5924745685930527,False,0.014175841233051652,0.0023133146651956003,-0.3887571475929482,False,0.014835164835164835,-0.0015586412128395597,False,False,False,False,,,False,-0.04076017222066634,False
64,4,1980,43453.0,Faroe Islands,FRO,Census Bureau,43045.0,0.009478452781972355,0.2339527701819716,False,0.01255209011447105,0.0021553750037150987,-1.4260336726559601,False,0.013276523622325275,-0.00379807084035292,False,False,False,False,,,False,0.024754129174039362,False
64,4,1981,43858.0,Faroe Islands,FRO,Census Bureau,43453.0,0.009320415161208663,0.21903468824131397,False,0.011638531447795425,0.00240146461129084,-0.9652927116592916,False,0.009478452781972355,-0.00015803762076369195,False,False,False,False,,,False,0.08978670776437223,False
64,4,1982,44246.0,Faroe Islands,FRO,Census Bureau,43858.0,0.008846732637147157,0.1743210645252669,False,0.011151457807563658,0.00271795066556781,-0.8479643135593922,False,0.009320415161208663,-0.00047368252406150557,False,False,False,False,,,False,0.15208952379659235,False
64,4,1983,44571.0,Faroe Islands,FRO,Census Bureau,44246.0,0.0073452967499887,0.03259187697462919,False,0.009653484190528432,0.0021935452483465992,-1.0522634271071205,False,0.008846732637147157,-0.0015014358871584576,False,False,False,False,,,False,0.20427616093698292,False
64,4,1984,45063.0,Faroe Islands,FRO,Census Bureau,44571.0,0.011038567678535371,0.381221007651633,False,0.009205893001770452,0.0013263592282354664,1.3817332723677238,False,0.0073452967499887,0.003693270928546671,False,False,False,False,,,False,0.28327870085412804,False
64,4,1985,45574.0,Faroe Islands,FRO,Census Bureau,45063.0,0.011339680003550585,0.4096447355982568,False,0.009578138446086097,0.0016449042518042597,1.0709082644368457,False,0.011038567678535371,0.0003011123250152136,False,False,False,False,,,False,0.36533215186563445,False
64,4,1986,46054.0,Faroe Islands,FRO,Census Bureau,45574.0,0.010532321060253653,0.33343347138518875,False,0.009820519625895096,0.0016862043157932069,0.4221323760660162,False,0.011339680003550585,-0.0008073589432969312,False,False,False,False,,,False,0.4424078005652882,False
64,4,1987,46683.0,Faroe Islands,FRO,Census Bureau,46054.0,0.013657879880140705,0.6284729838765872,False,0.010782749074493805,0.0022649936556784693,1.2693769796832683,False,0.010532321060253653,0.003125558819887051,False,False,False,False,,,False,0.5434090152154595,False
64,4,1988,47090.0,Faroe Islands,FRO,Census Bureau,46683.0,0.008718377139429771,0.1622048492644397,False,0.011057365152382018,0.0017740679308383194,-1.318432046650536,False,0.013657879880140705,-0.004939502740710934,False,False,False,False,,,False,0.6087627423420409,False
64,4,1989,47279.0,Faroe Islands,FRO,Census Bureau,47090.0,0.004013590995965173,-0.28190703284509094,False,0.00965236981586798,0.0036170986175513508,-1.5589231635934944,False,0.008718377139429771,-0.004704786143464598,False,False,False,False,,,False,0.6391112790175296,False
64,4,1990,47439.0,Faroe Islands,FRO,Census Bureau,47279.0,0.003384166331775207,-0.3413220548536612,False,0.008061267081512903,0.004362308142730799,-1.0721619373751614,False,0.004013590995965173,-0.0006294246641899664,False,False,False,False,,,False,0.6648031619174142,False
64,4,1991,47571.0,Faroe Islands,FRO,Census Bureau,47439.0,0.0027825207108075635,-0.3981148528561933,False,0.006511307011623685,0.004633198239814238,-0.804797487138306,False,0.003384166331775207,-0.0006016456209676432,False,False,False,False,,,False,0.685998965309819,False
64,4,1992,47780.0,Faroe Islands,FRO,Census Bureau,47571.0,0.004393432973870635,-0.2460515591704519,False,0.004658417630369671,0.00235116966086118,-0.11270333269015476,False,0.0027825207108075635,0.0016109122630630717,False,False,False,False,,,False,0.7195589873477932,False
64,4,1993,46085.0,Faroe Islands,FRO,Census Bureau,47780.0,-0.035475094181665966,-4.009471636526307,True,-0.0041802766338494765,0.017505105774933995,-1.7877536959889915,False,0.004393432973870635,-0.0398685271555366,True,True,True,False,global+acceleration,"Year 1993: decrease of 3.5% (below average by 4.2%), showing deceleration of 4.0%",False,0.44738560287714085,True
64,4,1994,44504.0,Faroe Islands,FRO,Census Bureau,46085.0,-0.0343061733752848,-3.8991304640417606,True,-0.011844229508099472,0.021050322041560224,-1.0670593933355557,False,-0.035475094181665966,0.001168920806381167,False,True,True,False,global,Year 1994: decrease of 3.4% (below average by 4.1%),False,0.19351768497265626,True
64,4,1995,43537.0,Faroe Islands,FRO,Census Bureau,44504.0,-0.021728383965486247,-2.711840424233602,True,-0.016866739567551765,0.019443049305655827,-0.25004536693327567,False,-0.0343061733752848,0.012577789409798552,False,True,True,False,global,"Year 1995: decrease of 2.2% (below average by 2.9%), showing acceleration of 1.3%",False,0.03824236769647877,True
64,4,1996,43590.0,Faroe Islands,FRO,Census Bureau,43537.0,0.0012173553529182075,-0.5458598324809213,False,-0.017179772639129634,0.019056362299078783,0.9654060782071293,False,-0.021728383965486247,0.022945739318404455,False,False,False,False,,,False,0.04675280390706554,False
64,4,1997,44048.0,Faroe Islands,FRO,Census Bureau,43590.0,0.010506997017664601,0.3310429890393613,False,-0.01595705983037084,0.02089412989836551,1.2665785546832293,False,0.0012173553529182075,0.009289641664746395,False,False,False,False,,,False,0.12029581870798517,False
64,4,1998,44560.0,Faroe Islands,FRO,Census Bureau,44048.0,0.011623683254631312,0.4364534394408094,False,-0.0065373043431113855,0.020508189911733254,0.8855480506035464,False,0.010506997017664601,0.0011166862369667106,False,False,False,False,,,False,0.20250984398761585,False
64,4,1999,45115.0,Faroe Islands,FRO,Census Bureau,44560.0,0.012455116696588869,0.514937234346025,False,0.002814953671263348,0.014444910294018252,0.6673743781792528,False,0.011623683254631312,0.0008314334419575568,False,False,False,False,,,False,0.2916285627965905,False
64,4,2000,45793.0,Faroe Islands,FRO,Census Bureau,45115.0,0.0150282611104954,0.7578311669824881,False,0.010166282686459678,0.005272594200540962,0.9221226286553381,False,0.012455116696588869,0.0025731444139065317,False,False,False,False,,,False,0.40049791658485145,False
64,4,2001,46589.0,Faroe Islands,FRO,Census Bureau,45793.0,0.017382569388334462,0.9800678953807724,False,0.013399325493542929,0.002780722154171389,1.4324494408102693,False,0.0150282611104954,0.002354308277839062,False,False,False,False,,,False,0.5283150340117773,False
64,4,2002,47348.0,Faroe Islands,FRO,Census Bureau,46589.0,0.016291399257335422,0.8770660572944983,False,0.014556205941477093,0.002461520240805302,0.7049275025626639,False,0.017382569388334462,-0.0010911701309990404,False,False,False,False,,,False,0.6501909035181048,False
64,4,2003,47953.0,Faroe Islands,FRO,Census Bureau,47348.0,0.012777730843963843,0.545390643240048,False,0.0147870154593436,0.002152512879142509,-0.9334599736193873,False,0.016291399257335422,-0.0035136684133715793,False,False,False,False,,,False,0.7473383357332934,False
64,4,2004,48289.0,Faroe Islands,FRO,Census Bureau,47953.0,0.007006860884616187,0.0006449649236445954,False,0.013697364296949063,0.0041136845366372445,-1.6264016729396724,False,0.012777730843963843,-0.005770869959347656,False,False,False,False,,,False,0.8012912898230511,False
64,4,2005,48306.0,Faroe Islands,FRO,Census Bureau,48289.0,0.00035204705005280703,-0.6275412707593386,False,0.010762121484860544,0.007087622241102544,-1.468768238583262,False,0.007006860884616187,-0.00665481383456338,False,False,False,False,,,False,0.8040210523811637,False
64,4,2006,48321.0,Faroe Islands,FRO,Census Bureau,48306.0,0.0003105204322444417,-0.6314612075705228,False,0.007347711693642541,0.007212007680578494,-0.9757603670263463,False,0.00035204705005280703,-4.152661780836535e-05,False,False,False,False,,,False,0.8064296664030279,False
64,4,2007,48487.0,Faroe Islands,FRO,Census Bureau,48321.0,0.0034353593675627574,-0.3364896491329269,False,0.004776503715688008,0.0052515145504852855,-0.2553823921141601,False,0.0003105204322444417,0.003124838935318316,False,False,False,False,,,False,0.8330849949116582,False
64,4,2008,48664.0,Faroe Islands,FRO,Census Bureau,48487.0,0.0036504630107039,-0.3161847764158683,False,0.0029510501490360185,0.00277941310292507,0.25164048515559473,False,0.0034353593675627574,0.00021510364314114268,False,False,False,False,,,False,0.8615066403696555,False
64,4,2009,48852.0,Faroe Islands,FRO,Census Bureau,48664.0,0.003863225382212724,-0.2961009098230951,False,0.0023223230485553263,0.0018239053488068938,0.8448367864403586,False,0.0036504630107039,0.00021276237150882372,False,False,False,False,,,False,0.89169460277702,False
64,4,2010,49052.0,Faroe Islands,FRO,Census Bureau,48852.0,0.004093998198640793,-0.27431693352356573,False,0.0030707132782729235,0.0015622842677548371,0.6549927829961668,False,0.003863225382212724,0.000230772816428069,False,False,False,False,,,False,0.9238094564018756,False
64,4,2011,49261.0,Faroe Islands,FRO,Census Bureau,49052.0,0.004260784473619832,-0.25857301568494695,False,0.003860766086548001,0.0003315178111761124,1.2066271361188765,False,0.004093998198640793,0.00016678627497903904,False,False,False,False,,,False,0.9573694784398499,False
64,4,2012,49476.0,Faroe Islands,FRO,Census Bureau,49261.0,0.004364507419662614,-0.24878200895683172,False,0.004046595696967972,0.00029143501423735537,1.0908494421185875,False,0.004260784473619832,0.00010372294604278198,False,False,False,False,,,False,0.9918929460865699,False
64,4,2013,49701.0,Faroe Islands,FRO,Census Bureau,49476.0,0.004547659471258792,-0.231493231132235,False,0.004226034989078951,0.00026119388062674763,1.2313630066986552,False,0.004364507419662614,0.0001831520515961785,False,False,False,False,,,False,1.0280221564145324,False
64,4,2014,49938.0,Faroe Islands,FRO,Census Bureau,49701.0,0.004768515724029697,-0.21064533643462066,False,0.004407093057442346,0.00026059230105103737,1.3869276457118596,False,0.004547659471258792,0.00022085625277090508,False,False,False,False,,,False,1.0660782579599866,False
64,4,2015,50187.0,Faroe Islands,FRO,Census Bureau,49938.0,0.004986182866754776,-0.19009848021601858,False,0.004585529991065143,0.0002956988796505288,1.3549353861710405,False,0.004768515724029697,0.00021766714272507866,False,False,False,False,,,False,1.106061250722932,False
64,4,2016,50447.0,Faroe Islands,FRO,Census Bureau,50187.0,0.00518062446450276,-0.17174401705807138,False,0.004769497989241729,0.0003275698281114981,1.2550804133312679,False,0.004986182866754776,0.00019444159774798398,False,False,False,False,,,False,1.1478105604352444,False
64,4,2017,50722.0,Faroe Islands,FRO,Census Bureau,50447.0,0.005451265684778084,-0.14619663232096558,False,0.004986849642264822,0.0003513506414629013,1.3218021762521803,False,0.00518062446450276,0.0002706412202753243,False,False,False,False,,,False,1.1919684841694211,False
64,4,2018,51011.0,Faroe Islands,FRO,Census Bureau,50722.0,0.005697724853120934,-0.12293193084926603,False,0.0052168627186372505,0.00036800630959789424,1.306668179165466,False,0.005451265684778084,0.0002464591683428493,False,False,False,False,,,False,1.2383744476573375,False
64,4,2019,51313.0,Faroe Islands,FRO,Census Bureau,51011.0,0.00592029170178981,-0.10192256314509816,False,0.005447217914189273,0.00037755605603400624,1.252989536361529,False,0.005697724853120934,0.00022256684866887606,False,False,False,False,,,False,1.2868678766308697,False
64,4,2020,51624.0,Faroe Islands,FRO,Census Bureau,51313.0,0.0060608422816830045,-0.0886551837861744,False,0.005662149797174919,0.00035468199827176004,1.124084352887299,False,0.00592029170178981,0.0001405505798931948,False,False,False,False,,,False,1.3368064740175205,False
64,4,2021,51943.0,Faroe Islands,FRO,Census Bureau,51624.0,0.006179296451262978,-0.07747361195873656,False,0.005861884194526962,0.00029124823947696227,1.0898340786747447,False,0.0060608422816830045,0.0001184541695799738,False,False,False,False,,,False,1.3880296655491653,False
64,4,2022,52269.0,Faroe Islands,FRO,Census Bureau,51943.0,0.006276110351731706,-0.06833478986556718,False,0.006026853127917686,0.00022704853657179528,1.0978147121208228,False,0.006179296451262978,9.681390046872764e-05,False,False,False,False,,,False,1.4403768769576801,False
64,4,2023,52600.0,Faroe Islands,FRO,Census Bureau,52269.0,0.0063326254567717,-0.06300000335209419,False,0.006153833248647839,0.0001663998890898632,1.0744731207561389,False,0.006276110351731706,5.65151050399941e-05,False,False,False,False,,,False,1.4935269597068164,False
64,4,2024,52933.0,Faroe Islands,FRO,Census Bureau,52600.0,0.006330798479087452,-0.06317246230627012,False,0.0062359346041073686,0.00011600384496938025,0.8177649198190243,False,0.0063326254567717,-1.8269776842477076e-06,False,False,False,False,,,False,1.5469981909922013,False
